                  epoch,         train/box_loss,         train/cls_loss,         train/dfl_loss,   metrics/precision(B),      metrics/recall(B),       metrics/mAP50(B),    metrics/mAP50-95(B),           val/box_loss,           val/cls_loss,           val/dfl_loss,                 lr/pg0,                 lr/pg1,                 lr/pg2
                      0,                 1.4644,                0.66917,                 1.0706,                0.78059,                0.80559,                0.79841,                0.36344,                    1.8,                0.81616,                 1.0711,               0.070283,              0.0033019,              0.0033019
                      1,                 1.4383,                0.67146,                 1.0521,                0.73354,                0.88679,                0.80107,                0.35078,                 1.8312,                0.79702,                 1.0855,               0.040261,              0.0066133,              0.0066133
